날짜,체감온도,불쾌지수,우산
2016-02-01,3.9,45,0
2016-02-02,3.1,44,0
2016-02-03,4.2,44,0
2016-02-04,5.1,44,0
2016-02-05,7.9,49,0
2016-02-06,5.4,45,0
2016-02-07,3.6,44,0
2016-02-08,6.5,47,0
2016-02-09,7.8,51,0
2016-02-10,8.1,49,0
2016-02-11,12.1,52,0
2016-02-12,9.5,46,1
2016-02-13,14.3,53,0
2016-02-14,6.5,45,0
2016-02-15,-0.6,43,0
2016-02-16,4.0,43,0
2016-02-17,5.7,47,0
2016-02-18,7.5,47,0
2016-02-19,10.9,51,0
2016-02-20,11.0,52,0
2016-02-21,5.9,47,0
2016-02-22,6.4,46,0
2016-02-23,10.9,52,0
2016-02-24,5.2,47,0
2016-02-25,4.5,47,0
2016-02-26,7.9,48,0
2016-02-27,12.5,54,0
2016-02-28,11.7,51,0
2016-02-29,0.6,42,0
2016-03-01,2.8,44,0
2016-03-02,8.6,50,0
2016-03-03,13.0,53,0
2016-03-04,10.3,46,1
2016-03-05,13.5,51,1
2016-03-06,16.9,58,0
2016-03-07,14.0,55,0
2016-03-08,10.7,52,0
2016-03-09,7.2,49,0
2016-03-10,6.1,49,0
2016-03-11,5.0,47,0
2016-03-12,6.8,49,0
2016-03-13,9.0,50,0
2016-03-14,10.9,52,0
2016-03-15,11.8,53,0
2016-03-16,14.3,56,0
2016-03-17,17.3,58,0
2016-03-18,12.3,50,1
2016-03-19,18.2,60,0
2016-03-20,14.4,55,0
2016-03-21,14.7,55,0
2016-03-22,16.1,57,0
2016-03-23,17.3,58,0
2016-03-24,11.2,52,0
2016-03-25,10.8,50,0
2016-03-26,11.9,52,0
2016-03-27,14.8,55,0
2016-03-28,17.0,58,0
2016-03-29,15.9,58,0
2016-03-30,20.1,62,0
2016-03-31,20.3,61,0
2016-04-01,22.7,64,0
2016-04-02,19.8,62,0
2016-04-03,15.1,55,1
2016-04-04,13.3,53,0
2016-04-05,17.6,59,0
2016-04-06,21.0,62,0
2016-04-07,15.1,55,0
2016-04-08,21.2,63,0
2016-04-09,23.9,66,0
2016-04-10,23.5,65,0
2016-04-11,12.1,51,0
2016-04-12,15.6,57,0
2016-04-13,17.3,57,1
2016-04-14,23.2,65,0
2016-04-15,20.4,62,0
2016-04-16,18.5,60,0
2016-04-17,18.8,61,0
2016-04-18,18.9,60,0
2016-04-19,19.8,61,0
2016-04-20,21.1,62,0
2016-04-21,16.9,57,1
2016-04-22,22.8,66,0
2016-04-23,19.7,61,0
2016-04-24,22.3,64,0
2016-04-25,23.8,65,0
2016-04-26,25.7,68,0
2016-04-27,12.7,53,1
2016-04-28,18.0,59,0
2016-04-29,20.4,61,0
2016-04-30,23.0,65,0
2016-05-01,24.0,66,0
2016-05-02,23.4,68,0
2016-05-03,20.4,64,1
2016-05-04,24.0,66,0
2016-05-05,24.5,66,0
2016-05-06,19.6,62,0
2016-05-07,24.6,66,0
2016-05-08,24.1,66,0
2016-05-09,21.7,64,0
2016-05-10,17.3,59,1
2016-05-11,20.7,63,0
2016-05-12,23.9,66,0
2016-05-13,22.0,64,0
2016-05-14,23.5,66,0
2016-05-15,22.1,66,0
2016-05-16,19.0,61,0
2016-05-17,25.3,66,0
2016-05-18,29.7,71,0
2016-05-19,27.3,69,0
2016-05-20,28.2,70,0
2016-05-21,27.3,69,0
2016-05-22,27.4,69,0
2016-05-23,28.1,69,0
2016-05-24,21.6,66,1
2016-05-25,26.5,70,0
2016-05-26,27.8,70,0
2016-05-27,29.3,71,0
2016-05-28,24.4,68,0
2016-05-29,23.4,67,0
2016-05-30,30.7,73,0
2016-05-31,29.8,72,0
2016-06-01,25.5,69,0
2016-06-02,26.5,68,0
2016-06-03,29.1,72,0
2016-06-04,21.9,66,1
2016-06-05,25.7,69,0
2016-06-06,20.3,64,0
2016-06-07,26.5,71,0
2016-06-08,25.8,71,0
2016-06-09,27.6,73,0
2016-06-10,27.2,72,0
2016-06-11,28.1,73,0
2016-06-12,26.8,73,0
2016-06-13,29.0,74,0
2016-06-14,28.7,73,0
2016-06-15,24.9,70,0
2016-06-16,29.1,73,0
2016-06-17,29.3,72,0
2016-06-18,29.5,73,0
2016-06-19,30.7,75,0
2016-06-20,26.6,73,1
2016-06-21,24.5,70,1
2016-06-22,24.2,70,1
2016-06-23,29.0,74,0
2016-06-24,24.0,70,1
2016-06-25,27.5,72,0
2016-06-26,29.5,73,0
2016-06-27,26.1,71,0
2016-06-28,26.6,71,0
2016-06-29,27.0,72,0
2016-06-30,28.8,75,1
2016-07-01,26.2,73,1
2016-07-02,25.1,71,1
2016-07-03,24.7,70,1
2016-07-04,28.3,76,0
2016-07-05,30.8,79,0
2016-07-06,31.3,79,0
2016-07-07,30.7,78,0
2016-07-08,29.4,76,0
2016-07-09,32.8,79,0
2016-07-10,31.6,78,0
2016-07-11,28.6,76,1
2016-07-12,28.1,75,0
2016-07-13,30.6,77,0
2016-07-14,32.0,76,0
2016-07-15,28.6,73,1
2016-07-16,26.1,71,1
2016-07-17,30.0,75,0
2016-07-18,29.9,75,0
2016-07-19,30.1,76,0
2016-07-20,30.1,76,0
2016-07-21,29.7,75,0
2016-07-22,28.3,74,0
2016-07-23,30.4,76,0
2016-07-24,33.3,81,0
2016-07-25,34.1,81,0
2016-07-26,33.4,80,0
2016-07-27,34.2,81,0
2016-07-28,33.5,81,0
2016-07-29,34.4,81,0
2016-07-30,35.0,81,0
2016-07-31,35.4,81,0
2016-08-01,34.9,81,0
2016-08-02,32.8,80,0
2016-08-03,31.3,78,0
2016-08-04,32.5,79,0
2016-08-05,33.5,79,0
2016-08-06,34.6,80,0
2016-08-07,35.0,81,0
2016-08-08,36.2,82,0
2016-08-09,33.6,80,0
2016-08-10,35.1,81,0
2016-08-11,36.6,83,0
2016-08-12,37.4,83,0
2016-08-13,36.7,82,0
2016-08-14,36.2,81,0
2016-08-15,35.3,81,0
2016-08-16,34.4,80,0
2016-08-17,33.9,80,0
2016-08-18,33.1,79,0
2016-08-19,34.0,79,0
2016-08-20,33.8,79,0
2016-08-21,34.4,79,0
2016-08-22,34.6,79,0
2016-08-23,30.7,77,0
2016-08-24,34.3,77,0
2016-08-25,33.4,78,0
2016-08-26,27.9,74,1
2016-08-27,27.1,71,0
2016-08-28,21.1,65,1
2016-08-29,26.5,70,0
2016-08-30,26.4,70,0
2016-08-31,29.2,71,0
2016-09-01,30.9,75,0
2016-09-02,21.3,65,1
2016-09-03,24.1,69,1
2016-09-04,29.7,76,0
2016-09-05,29.6,76,0
2016-09-06,28.9,75,0
2016-09-07,28.7,75,0
2016-09-08,29.5,73,0
2016-09-09,29.1,74,0
2016-09-10,27.4,73,0
2016-09-11,27.2,72,0
2016-09-12,22.6,67,1
2016-09-13,28.1,73,0
2016-09-14,28.4,73,0
2016-09-15,29.2,74,0
2016-09-16,25.0,71,1
2016-09-17,20.7,65,1
2016-09-18,22.7,67,0
2016-09-19,23.4,67,0
2016-09-20,23.8,66,0
2016-09-21,24.5,67,0
2016-09-22,23.4,67,0
2016-09-23,26.4,71,0
2016-09-24,27.5,71,0
2016-09-25,27.2,71,0
2016-09-26,25.9,71,0
2016-09-27,27.8,74,0
2016-09-28,26.3,72,1
2016-09-29,20.7,65,1
2016-09-30,18.7,61,1
2016-10-01,23.1,67,0
2016-10-02,25.3,71,0
2016-10-03,29.1,75,0
2016-10-04,28.9,74,0
2016-10-05,23.5,68,1
2016-10-06,27.4,70,0
2016-10-07,23.6,67,0
2016-10-08,22.6,65,1
2016-10-09,19.2,61,0
2016-10-10,20.4,63,0
2016-10-11,18.9,61,0
2016-10-12,22.8,65,0
2016-10-13,20.3,63,0
2016-10-14,22.0,64,0
2016-10-15,22.7,65,0
2016-10-16,18.2,60,1
2016-10-17,22.3,66,0
2016-10-18,21.9,65,0
2016-10-19,22.6,66,0
2016-10-20,22.6,65,0
2016-10-21,19.8,63,0
2016-10-22,21.3,64,0
2016-10-23,18.1,61,0
2016-10-24,19.3,62,0
2016-10-25,18.5,61,1
2016-10-26,20.7,63,0
2016-10-27,19.3,61,0
2016-10-28,16.1,57,1
2016-10-29,17.3,59,0
2016-10-30,15.0,57,0
2016-10-31,12.9,51,1
2016-11-01,10.2,52,0
2016-11-02,12.4,54,0
2016-11-03,15.1,56,0
2016-11-04,15.5,56,0
2016-11-05,19.6,61,0
2016-11-06,16.7,59,0
2016-11-07,18.7,60,0
2016-11-08,14.2,56,0
2016-11-09,11.1,52,0
2016-11-10,14.0,55,0
2016-11-11,17.4,58,0
2016-11-12,16.3,57,0
2016-11-13,15.8,56,0
2016-11-14,17.0,57,0
2016-11-15,17.2,59,0
2016-11-16,14.9,55,0
2016-11-17,15.9,57,0
2016-11-18,16.7,57,0
2016-11-19,18.2,56,0
2016-11-20,18.9,60,0
2016-11-21,15.5,55,0
2016-11-22,13.6,55,0
2016-11-23,10.4,52,0
2016-11-24,6.0,48,0
2016-11-25,9.0,49,0
2016-11-26,5.8,42,0
2016-11-27,8.3,45,0
2016-11-28,11.2,52,0
2016-11-29,10.1,52,0
2016-11-30,10.1,48,0
2016-12-01,13.1,52,0
2016-12-02,10.4,51,0
2016-12-03,10.7,51,0
2016-12-04,9.9,48,0
2016-12-05,13.3,52,0
2016-12-06,8.6,50,0
2016-12-07,7.8,45,0
2016-12-08,8.6,46,0
2016-12-09,12.8,54,0
2016-12-10,7.6,48,0
2016-12-11,7.5,48,0
2016-12-12,8.5,48,0
2016-12-13,11.0,50,0
2016-12-14,8.9,50,0
2016-12-15,5.2,46,0
2016-12-16,4.7,47,0
2016-12-17,9.0,47,0
2016-12-18,8.4,45,0
2016-12-19,11.4,43,1
2016-12-20,13.2,53,0
2016-12-21,10.5,49,0
2016-12-22,12.7,54,0
2016-12-23,7.5,46,0
2016-12-24,4.6,43,0
2016-12-25,9.0,48,0
2016-12-26,9.3,43,1
2016-12-27,6.3,49,0
2016-12-28,4.0,45,0
2016-12-29,4.9,45,0
2016-12-30,5.4,46,0
2016-12-31,8.8,47,0
2017-01-01,9.9,48,0
2017-01-02,12.6,52,0
2017-01-03,9.9,48,0
2017-01-04,9.5,47,0
2017-01-05,11.1,50,0
2017-01-06,9.9,51,0
2017-01-07,8.3,45,0
2017-01-08,11.7,52,0
2017-01-09,8.6,50,0
2017-01-10,6.1,47,0
2017-01-11,1.7,44,0
2017-01-12,5.9,47,0
2017-01-13,5.0,45,0
2017-01-14,-1.3,42,0
2017-01-15,0.4,42,0
2017-01-16,3.7,45,0
2017-01-17,4.9,45,0
2017-01-18,5.7,47,0
2017-01-19,6.1,44,0
2017-01-20,1.1,43,0
2017-01-21,3.3,41,0
2017-01-22,1.1,43,0
2017-01-23,-0.9,42,0
2017-01-24,2.7,44,0
2017-01-25,3.8,44,0
2017-01-26,4.2,44,0
2017-01-27,8.9,51,0
2017-01-28,7.6,49,0
2017-01-29,4.1,38,1
2017-01-30,2.4,45,0
2017-01-31,3.7,43,0
2017-02-01,4.9,47,0
2017-02-02,6.6,48,0
2017-02-03,7.4,48,0
2017-02-04,11.8,52,0
2017-02-05,11.9,51,0
2017-02-06,5.0,48,0
2017-02-07,4.7,45,0
2017-02-08,7.3,46,0
2017-02-09,0.9,44,0
2017-02-10,-1.1,42,0
2017-02-11,4.4,45,0
2017-02-12,6.4,46,0
2017-02-13,7.0,48,0
2017-02-14,8.4,51,0
2017-02-15,10.1,50,0
2017-02-16,13.9,55,0
2017-02-17,15.3,57,0
2017-02-18,8.0,49,0
2017-02-19,6.8,48,0
2017-02-20,10.5,53,0
2017-02-21,6.8,48,0
2017-02-22,5.7,39,1
2017-02-23,6.3,48,0
2017-02-24,6.1,48,0
2017-02-25,9.1,50,0
2017-02-26,10.1,50,0
2017-02-27,11.0,52,0
2017-02-28,11.9,52,0
2017-03-01,12.5,53,0
2017-03-02,8.0,50,0
2017-03-03,10.6,51,0
2017-03-04,13.3,54,0
2017-03-05,11.4,50,0
2017-03-06,7.1,50,0
2017-03-07,6.2,47,0
2017-03-08,6.3,47,0
2017-03-09,10.6,52,0
2017-03-10,12.3,54,0
2017-03-11,14.3,56,0
2017-03-12,16.5,57,0
2017-03-13,16.0,57,0
2017-03-14,13.9,55,0
2017-03-15,11.2,53,0
2017-03-16,12.8,54,0
2017-03-17,14.4,56,0
2017-03-18,13.2,52,0
2017-03-19,16.9,58,0
2017-03-20,13.3,54,0
2017-03-21,16.0,57,0
2017-03-22,12.3,53,0
2017-03-23,14.9,56,0
2017-03-24,13.0,54,0
2017-03-25,8.1,46,1
2017-03-26,11.8,52,0
2017-03-27,12.4,53,0
2017-03-28,14.1,55,0
2017-03-29,8.3,44,1
2017-03-30,17.3,59,0
2017-03-31,13.2,54,0
2017-04-01,12.4,53,0
2017-04-02,14.1,55,0
2017-04-03,19.8,61,0
2017-04-04,21.9,63,0
2017-04-05,16.6,55,1
2017-04-06,18.2,60,0
2017-04-07,21.8,64,0
2017-04-08,23.6,66,0
2017-04-09,21.3,64,0
2017-04-10,18.3,60,0
2017-04-11,15.0,56,0
2017-04-12,18.9,60,0
2017-04-13,20.2,61,0
2017-04-14,20.1,62,0
2017-04-15,24.0,67,0
2017-04-16,26.1,68,0
2017-04-17,17.3,58,1
2017-04-18,20.3,63,0
2017-04-19,20.9,62,0
2017-04-20,19.3,60,0
2017-04-21,21.3,63,0
2017-04-22,20.2,62,0
2017-04-23,21.0,63,0
2017-04-24,21.4,63,0
2017-04-25,24.0,67,0
2017-04-26,17.5,59,0
2017-04-27,19.9,61,0
2017-04-28,23.1,65,0
2017-04-29,25.5,67,0
2017-04-30,27.3,70,0
2017-05-01,25.5,68,0
2017-05-02,23.3,64,0
2017-05-03,25.4,66,0
2017-05-04,26.1,69,0
2017-05-05,21.0,64,0
2017-05-06,24.4,65,0
2017-05-07,27.2,68,0
2017-05-08,26.1,67,0
2017-05-09,15.6,56,1
2017-05-10,21.2,64,0
2017-05-11,25.2,69,0
2017-05-12,20.1,63,1
2017-05-13,25.1,68,0
2017-05-14,25.5,67,0
2017-05-15,23.7,65,0
2017-05-16,23.9,66,0
2017-05-17,24.9,67,0
2017-05-18,27.4,69,0
2017-05-19,28.9,70,0
2017-05-20,27.6,69,0
2017-05-21,27.4,69,0
2017-05-22,29.0,71,0
2017-05-23,25.5,69,0
2017-05-24,25.8,70,0
2017-05-25,28.7,72,0
2017-05-26,22.9,65,0
2017-05-27,25.5,67,0
2017-05-28,26.1,69,0
2017-05-29,32.6,74,0
2017-05-30,32.4,73,0
2017-05-31,27.4,71,0
2017-06-01,28.2,73,0
2017-06-02,26.9,69,0
2017-06-03,26.8,69,0
2017-06-04,28.0,69,0
2017-06-05,28.9,70,0
2017-06-06,23.1,65,0
2017-06-07,24.1,69,0
2017-06-08,26.9,69,0
2017-06-09,29.0,71,0
2017-06-10,29.8,74,0
2017-06-11,26.4,70,0
2017-06-12,24.9,67,0
2017-06-13,26.6,69,0
2017-06-14,28.1,71,0
2017-06-15,31.5,73,0
2017-06-16,29.0,72,0
2017-06-17,30.1,72,0
2017-06-18,31.7,74,0
2017-06-19,32.5,75,0
2017-06-20,27.1,71,0
2017-06-21,30.1,73,0
2017-06-22,30.4,74,0
2017-06-23,32.3,76,0
2017-06-24,30.5,74,0
2017-06-25,27.9,73,0
2017-06-26,25.9,71,0
2017-06-27,27.3,71,0
2017-06-28,30.7,75,0
2017-06-29,26.1,71,0
2017-06-30,28.2,74,0
2017-07-01,30.0,76,0
2017-07-02,28.5,76,1
2017-07-03,30.2,77,0
2017-07-04,31.7,79,0
2017-07-05,31.7,78,0
2017-07-06,29.3,77,0
2017-07-07,28.2,77,1
2017-07-08,27.9,76,1
2017-07-09,32.2,81,0
2017-07-10,30.3,79,0
2017-07-11,29.5,78,0
2017-07-12,33.8,80,0
2017-07-13,33.2,81,0
2017-07-14,31.2,79,0
2017-07-15,31.4,79,0
2017-07-16,35.0,81,0
2017-07-17,33.7,80,0
2017-07-18,31.2,79,0
2017-07-19,34.0,80,0
2017-07-20,34.8,83,0
2017-07-21,37.5,84,0
2017-07-22,36.6,83,0
2017-07-23,33.5,82,0
2017-07-24,36.3,84,0
2017-07-25,31.9,82,1
2017-07-26,31.8,77,0
2017-07-27,33.1,77,0
2017-07-28,34.3,80,0
2017-07-29,30.8,78,0
2017-07-30,30.9,78,0
2017-07-31,32.3,80,0
2017-08-01,32.5,80,0
2017-08-02,30.9,79,0
2017-08-03,32.6,79,0
2017-08-04,35.0,82,0
2017-08-05,36.8,83,0
2017-08-06,36.6,83,0
2017-08-07,37.5,83,0
2017-08-08,34.4,81,0
2017-08-09,29.4,78,0
2017-08-10,33.7,81,0
2017-08-11,33.6,80,0
2017-08-12,31.9,78,0
2017-08-13,28.8,74,0
2017-08-14,23.7,70,1
2017-08-15,25.2,72,1
2017-08-16,30.9,79,0
2017-08-17,31.4,78,0
2017-08-18,32.3,79,0
2017-08-19,29.2,77,1
2017-08-20,30.1,78,0
2017-08-21,30.1,79,1
2017-08-22,29.6,79,1
2017-08-23,34.2,82,0
2017-08-24,33.6,81,0
2017-08-25,31.8,78,0
2017-08-26,31.6,72,0
2017-08-27,30.3,73,0
2017-08-28,31.0,76,0
2017-08-29,32.1,76,0
2017-08-30,26.1,68,0
2017-08-31,29.1,72,0
2017-09-01,28.2,72,0
2017-09-02,26.5,70,0
2017-09-03,27.8,70,0
2017-09-04,27.1,71,0
2017-09-05,25.5,70,0
2017-09-06,25.1,71,0
2017-09-07,24.1,68,0
2017-09-08,29.7,73,0
2017-09-09,29.3,74,0
2017-09-10,30.3,75,0
2017-09-11,23.2,68,1
2017-09-12,29.9,74,0
2017-09-13,28.6,71,0
2017-09-14,27.8,71,0
2017-09-15,25.6,69,0
2017-09-16,25.3,69,0
2017-09-17,25.9,71,0
2017-09-18,28.3,72,0
2017-09-19,28.4,73,0
2017-09-20,26.5,70,0
2017-09-21,25.9,69,0
2017-09-22,26.4,70,0
2017-09-23,26.6,70,0
2017-09-24,28.0,71,0
2017-09-25,28.9,73,0
2017-09-26,28.6,72,0
2017-09-27,20.3,64,1
2017-09-28,27.3,71,0
2017-09-29,22.5,64,0
2017-09-30,24.7,67,0
2017-10-01,18.9,60,0
2017-10-02,25.8,71,0
2017-10-03,27.0,71,0
2017-10-04,23.6,67,0
2017-10-05,21.1,64,0
2017-10-06,18.3,60,1
2017-10-07,23.6,68,0
2017-10-08,27.1,72,0
2017-10-09,28.1,73,0
2017-10-10,28.2,73,0
2017-10-11,25.4,70,0
2017-10-12,17.3,58,1
2017-10-13,20.4,62,0
2017-10-14,20.8,63,0
2017-10-15,17.3,59,1
2017-10-16,19.6,62,0
2017-10-17,20.4,63,0
2017-10-18,19.3,62,0
2017-10-19,21.8,64,0
2017-10-20,22.9,66,0
2017-10-21,22.3,65,0
2017-10-22,22.2,65,0
2017-10-23,19.4,61,0
2017-10-24,15.3,56,1
2017-10-25,19.7,61,0
2017-10-26,17.8,59,0
2017-10-27,21.1,63,0
2017-10-28,21.6,64,0
2017-10-29,22.9,65,0
2017-10-30,15.7,57,0
2017-10-31,15.9,57,0
2017-11-01,17.6,59,0
2017-11-02,18.6,60,0
2017-11-03,20.5,63,0
2017-11-04,14.2,56,0
2017-11-05,14.2,55,0
2017-11-06,16.0,57,0
2017-11-07,19.4,61,0
2017-11-08,22.6,65,0
2017-11-09,17.4,59,0
2017-11-10,20.1,62,0
2017-11-11,13.3,55,0
2017-11-12,13.1,54,0
2017-11-13,16.0,57,0
2017-11-14,18.5,59,0
2017-11-15,13.7,55,0
2017-11-16,11.2,51,0
2017-11-17,11.5,52,0
2017-11-18,7.9,50,0
2017-11-19,7.8,50,0
2017-11-20,10.4,51,0
2017-11-21,11.1,51,0
2017-11-22,10.7,50,0
2017-11-23,8.9,50,0
2017-11-24,8.7,51,0
2017-11-25,8.2,48,0
2017-11-26,15.1,55,0
2017-11-27,12.1,52,0
2017-11-28,16.5,57,0
2017-11-29,17.3,58,0
2017-11-30,9.5,52,0
2017-12-01,6.1,48,0
2017-12-02,7.1,47,0
2017-12-03,11.0,51,0
2017-12-04,10.3,51,0
2017-12-05,3.7,45,0
2017-12-06,7.4,46,0
2017-12-07,9.8,49,0
2017-12-08,3.2,45,0
2017-12-09,7.6,47,0
2017-12-10,8.4,43,1
2017-12-11,4.4,46,0
2017-12-12,0.3,42,0
2017-12-13,1.6,45,0
2017-12-14,3.8,44,0
2017-12-15,7.0,48,0
2017-12-16,2.3,45,0
2017-12-17,0.7,43,0
2017-12-18,5.8,44,0
2017-12-19,4.9,46,0
2017-12-20,3.9,44,0
2017-12-21,7.3,46,0
2017-12-22,7.9,47,0
2017-12-23,8.8,46,0
2017-12-24,8.0,40,1
2017-12-25,6.4,48,0
2017-12-26,7.1,45,0
2017-12-27,3.1,45,0
2017-12-28,4.6,45,0
2017-12-29,9.6,48,0
2017-12-30,6.9,42,0
2017-12-31,6.9,49,0
2018-01-01,5.8,47,0
2018-01-02,7.6,47,0
2018-01-03,6.3,48,0
2018-01-04,4.0,44,0
2018-01-05,7.1,48,0
2018-01-06,6.3,47,0
2018-01-07,2.8,40,0
2018-01-08,7.1,39,1
2018-01-09,3.9,44,0
2018-01-10,-0.9,36,0
2018-01-11,-0.7,38,0
2018-01-12,-1.2,39,0
2018-01-14,7.0,46,0
2018-01-15,12.5,52,0
2018-01-16,5.0,37,1
2018-01-17,10.9,44,1
2018-01-18,9.1,44,0
2018-01-19,6.8,46,0
2018-01-20,7.1,47,0
2018-01-21,7.6,47,0
2018-01-22,7.6,46,0
2018-01-23,-2.8,41,0
2018-01-24,-3.8,38,0
2018-01-25,-2.0,41,0
2018-01-26,-2.3,41,0
2018-01-27,-2.3,39,0
2018-01-28,2.9,44,0
2018-01-29,2.2,43,0
2018-01-30,0.9,42,0
2018-01-31,4.6,43,0
2018-02-01,5.4,46,0
2018-02-02,5.3,46,0
2018-02-03,-0.8,42,0
2018-02-04,-2.6,40,0
2018-02-05,-3.3,41,0
2018-02-06,-2.1,40,0
2018-02-07,-0.3,41,0
2018-02-08,1.8,43,0
2018-02-09,9.5,50,0
2018-02-10,9.3,50,0
2018-02-11,1.2,43,0
2018-02-12,0.9,42,0
2018-02-13,4.1,45,0
2018-02-14,11.0,52,0
2018-02-15,10.9,52,0
2018-02-16,9.5,51,0
2018-02-17,6.7,50,0
2018-02-18,7.8,50,0
2018-02-19,9.9,51,0
2018-02-20,9.3,50,0
2018-02-21,5.2,48,0
2018-02-22,7.5,49,0
2018-02-23,9.5,50,0
2018-02-24,12.6,53,0
2018-02-25,13.1,53,0
2018-02-26,13.3,54,0
2018-02-27,13.2,54,0
2018-02-28,10.5,48,0
2018-03-01,10.1,53,0
2018-03-02,7.5,49,0
2018-03-03,12.2,52,0
2018-03-04,13.9,53,0
2018-03-05,6.5,43,1
2018-03-06,9.7,50,0
2018-03-07,8.1,47,0
2018-03-08,5.2,42,1
2018-03-09,9.4,48,0
2018-03-10,11.7,52,0
2018-03-11,12.1,53,0
2018-03-12,15.9,57,0
2018-03-13,18.5,60,0
2018-03-14,21.1,63,0
2018-03-15,16.3,58,1
2018-03-16,6.8,46,0
2018-03-17,9.1,50,0
2018-03-18,10.6,48,0
2018-03-19,13.0,53,1
2018-03-20,8.8,51,0
2018-03-21,2.5,37,1
2018-03-22,11.0,51,0
2018-03-23,13.1,54,0
2018-03-24,16.2,57,0
2018-03-25,19.4,61,0
2018-03-26,20.3,61,0
2018-03-27,21.4,63,0
2018-03-28,22.5,64,0
2018-03-29,22.5,64,0
2018-03-30,17.8,60,0
2018-03-31,19.6,61,0
2018-04-01,22.7,65,0
2018-04-02,23.6,67,0
2018-04-03,23.1,66,0
2018-04-04,19.1,62,1
2018-04-05,10.9,49,0
2018-04-06,15.5,57,0
2018-04-07,7.8,50,0
2018-04-08,12.2,54,0
2018-04-09,18.1,59,0
2018-04-10,19.9,63,0
2018-04-11,25.6,67,0
2018-04-12,21.2,62,0
2018-04-13,18.1,60,0
2018-04-14,10.3,47,1
2018-04-15,18.4,60,0
2018-04-16,18.2,60,0
2018-04-17,19.6,61,0
2018-04-18,21.5,63,0
2018-04-19,23.4,65,0
2018-04-20,26.9,68,0
2018-04-21,25.2,66,0
2018-04-22,18.6,61,0
2018-04-23,12.7,52,1
2018-04-24,13.8,55,0
2018-04-25,20.2,62,0
2018-04-26,22.0,64,0
2018-04-27,23.4,65,0
2018-04-28,22.9,66,0
2018-04-29,23.9,66,0
2018-04-30,23.8,68,0
2018-05-01,21.4,64,0
2018-05-02,20.6,64,0
2018-05-03,18.8,61,0
2018-05-04,20.3,62,0
2018-05-05,24.5,66,0
2018-05-06,18.1,61,1
2018-05-07,18.3,60,1
2018-05-08,19.0,62,0
2018-05-09,17.9,60,0
2018-05-10,22.0,64,0
2018-05-11,23.5,66,0
2018-05-12,21.9,65,0
2018-05-13,23.8,68,0
2018-05-14,27.2,70,0
2018-05-15,28.9,72,0
2018-05-16,23.5,70,0
2018-05-17,25.7,72,0
2018-05-18,27.5,74,0
2018-05-19,19.5,62,0
2018-05-20,22.0,65,0
2018-05-21,20.6,64,0
2018-05-22,24.7,68,0
2018-05-23,26.2,69,0
2018-05-24,26.9,69,0
2018-05-25,27.5,69,0
2018-05-26,27.3,69,0
2018-05-27,26.8,70,0
2018-05-28,21.2,66,1
2018-05-29,27.7,72,0
2018-05-30,28.1,74,0
2018-05-31,25.9,68,0
2018-06-01,31.5,74,0
2018-06-02,32.8,75,0
2018-06-03,30.6,73,0
2018-06-04,28.9,73,0
2018-06-05,22.2,66,0
2018-06-06,28.9,73,0
2018-06-07,31.6,76,0
2018-06-08,30.0,74,0
2018-06-09,27.2,71,0
2018-06-10,22.5,66,0
2018-06-11,20.8,64,0
2018-06-12,21.3,65,0
2018-06-13,24.6,69,0
2018-06-14,25.4,69,0
2018-06-15,24.3,68,0
2018-06-16,23.8,67,0
2018-06-17,27.6,71,0
2018-06-18,29.9,74,0
2018-06-19,25.8,71,0
2018-06-20,30.1,74,0
2018-06-21,31.9,74,0
2018-06-22,30.5,73,0
2018-06-23,26.3,71,0
2018-06-24,33.2,77,0
2018-06-25,32.3,77,0
2018-06-26,25.1,71,0
2018-06-27,27.5,75,1
2018-06-28,23.0,69,1
2018-06-29,28.5,75,0
2018-06-30,24.4,70,1
2018-07-01,29.3,77,0
2018-07-02,29.5,77,0
2018-07-03,26.0,73,1
2018-07-04,33.0,79,0
2018-07-05,25.1,72,1
2018-07-06,23.5,69,1
2018-07-07,24.8,69,0
2018-07-08,24.8,69,0
2018-07-09,21.7,66,1
2018-07-10,28.1,75,0
2018-07-11,32.5,79,0
2018-07-12,32.3,79,0
2018-07-13,33.9,81,0
2018-07-14,34.4,81,0
2018-07-15,35.0,82,0
2018-07-16,34.9,82,0
2018-07-17,34.2,81,0
2018-07-18,34.7,81,0
2018-07-19,35.5,81,0
2018-07-20,35.8,81,0
2018-07-21,35.4,82,0
2018-07-22,34.0,81,0
2018-07-23,34.7,81,0
2018-07-24,34.9,82,0
2018-07-25,36.1,82,0
2018-07-26,36.9,82,0
2018-07-27,38.1,84,0
2018-07-28,35.2,83,0
2018-07-29,36.3,80,0
2018-07-30,35.5,80,0
2018-07-31,34.7,80,0
2018-08-01,36.3,81,0
2018-08-02,36.6,81,0
2018-08-03,35.0,81,0
2018-08-04,35.3,82,0
2018-08-05,36.9,82,0
2018-08-06,37.0,83,0
2018-08-07,32.7,81,0
2018-08-08,35.4,82,0
2018-08-09,33.4,81,0
2018-08-10,32.9,81,0
2018-08-11,30.7,78,0
2018-08-12,32.4,80,0
2018-08-13,36.2,82,0
2018-08-14,36.3,82,0
2018-08-15,38.0,82,0
2018-08-16,32.1,80,0
2018-08-17,29.5,74,0
2018-08-18,29.1,73,0
2018-08-19,30.8,76,0
2018-08-20,32.0,76,0
2018-08-21,34.5,79,0
2018-08-22,35.7,81,0
2018-08-23,29.3,77,1
2018-08-24,31.4,78,0
2018-08-25,28.6,75,0
2018-08-26,24.2,70,1
2018-08-27,28.2,76,1
2018-08-28,32.2,80,0
2018-08-29,32.0,78,0
2018-08-30,31.4,79,0
2018-08-31,25.9,73,1
2018-09-01,24.4,70,1
2018-09-02,24.3,69,0
2018-09-03,24.9,71,1
2018-09-04,29.4,75,0
2018-09-05,30.2,74,0
2018-09-06,26.6,71,0
2018-09-07,24.3,69,0
2018-09-08,23.8,67,0
2018-09-09,27.4,71,0
2018-09-10,27.1,71,0
2018-09-11,25.2,69,0
2018-09-12,27.9,73,0
2018-09-13,25.1,68,1
2018-09-14,24.0,70,1
2018-09-15,26.0,70,1
2018-09-16,29.5,75,0
2018-09-17,28.1,73,0
2018-09-18,28.1,73,0
2018-09-19,25.5,70,0
2018-09-20,23.7,69,0
2018-09-21,21.5,66,1
2018-09-22,25.9,71,0
2018-09-23,27.0,71,0
2018-09-24,22.8,65,0
2018-09-25,24.2,67,0
2018-09-26,23.1,67,0
2018-09-27,24.1,67,0
2018-09-28,23.6,67,0
2018-09-29,21.9,65,0
2018-09-30,27.2,70,0
2018-10-01,22.0,64,0
2018-10-02,22.7,65,0
2018-10-03,23.4,66,0
2018-10-04,24.4,68,0
2018-10-05,20.3,64,1
2018-10-06,24.8,70,1
2018-10-07,25.6,69,0
2018-10-08,22.5,64,0
2018-10-09,19.0,61,0
2018-10-10,20.0,62,0
2018-10-11,17.6,59,0
2018-10-12,17.4,59,0
2018-10-13,19.6,61,0
2018-10-14,20.8,63,0
2018-10-15,21.6,64,0
2018-10-16,17.9,59,0
2018-10-17,22.1,62,0
2018-10-18,19.3,61,0
2018-10-19,26.0,63,0
2018-10-20,20.2,62,0
2018-10-21,20.1,61,0
2018-10-22,19.5,61,0
2018-10-23,19.6,62,0
2018-10-24,19.4,61,0
2018-10-25,19.7,61,0
2018-10-26,19.0,57,0
2018-10-27,16.2,58,0
2018-10-28,17.6,59,0
2018-10-29,18.9,58,1
2018-10-30,14.9,56,0
2018-10-31,15.4,56,0
2018-11-01,20.1,57,0
2018-11-02,16.9,58,0
2018-11-03,23.0,59,0
2018-11-04,20.6,59,0
2018-11-05,18.7,60,0
2018-11-06,22.6,61,0
2018-11-07,17.6,59,0
2018-11-08,15.9,56,1
2018-11-09,17.2,58,0
2018-11-10,17.7,58,0
2018-11-11,17.6,59,0
2018-11-12,15.7,57,0
2018-11-13,15.6,56,0
2018-11-14,16.6,57,0
2018-11-15,16.9,58,0
2018-11-16,13.6,52,0
2018-11-17,15.1,56,0
2018-11-18,11.3,50,0
2018-11-19,15.4,56,0
2018-11-20,13.7,55,0
2018-11-21,10.4,49,0
2018-11-22,9.2,52,0
2018-11-23,10.0,51,0
2018-11-24,5.3,39,0
2018-11-25,8.3,42,0
2018-11-26,13.3,52,0
2018-11-27,14.4,55,0
2018-11-28,15.0,56,0
2018-11-29,12.5,53,0
2018-11-30,13.8,54,0
2018-12-01,11.0,51,0
2018-12-02,14.4,55,0
2018-12-03,16.4,55,1
2018-12-04,17.8,59,1
2018-12-05,10.3,52,0
2018-12-06,8.4,46,0
2018-12-07,-1.1,41,0
2018-12-08,1.9,41,0
2018-12-09,1.4,44,0
2018-12-10,4.0,46,0
2018-12-11,5.6,41,1
2018-12-12,4.4,46,0
2018-12-13,7.5,46,0
2018-12-14,5.4,46,0
2018-12-15,5.1,46,0
2018-12-16,4.9,35,1
2018-12-17,7.1,43,0
2018-12-18,9.2,49,0
2018-12-19,12.5,51,0
2018-12-20,10.5,47,0
2018-12-21,12.1,51,0
2018-12-22,14.3,54,0
2018-12-23,11.0,52,0
2018-12-24,6.0,49,0
2018-12-25,6.4,46,0
2018-12-26,10.7,51,0
2018-12-27,1.5,46,0
2018-12-28,-1.1,41,0
2018-12-29,-0.9,42,0
2018-12-30,2.3,43,0
2018-12-31,5.0,46,0
2019-01-01,5.2,44,0
2019-01-02,5.0,45,0
2019-01-03,4.8,45,0
2019-01-04,6.1,44,0
2019-01-05,8.1,49,0
2019-01-06,6.6,47,0
2019-01-07,6.9,47,0
2019-01-08,7.2,48,0
2019-01-09,4.0,45,0
2019-01-10,8.4,49,0
2019-01-11,6.9,47,0
2019-01-12,8.5,44,0
2019-01-13,8.5,46,0
2019-01-14,8.0,46,0
2019-01-15,8.6,47,0
2019-01-16,2.1,42,0
2019-01-17,6.0,46,0
2019-01-18,7.3,47,0
2019-01-19,10.2,49,0
2019-01-20,8.5,50,0
2019-01-21,5.7,46,0
2019-01-22,8.7,48,0
2019-01-23,10.1,49,0
2019-01-24,7.6,48,0
2019-01-25,8.7,48,0
2019-01-26,2.1,44,0
2019-01-27,5.7,46,0
2019-01-28,9.4,49,0
2019-01-29,5.9,47,0
2019-01-30,9.1,49,0
2019-01-31,4.0,35,1
2019-02-01,3.9,43,0
2019-02-02,6.7,46,0
2019-02-03,9.9,44,0
2019-02-04,7.7,51,0
2019-02-05,8.9,50,0
2019-02-06,12.4,53,0
2019-02-07,10.2,52,0
2019-02-08,4.4,47,0
2019-02-09,1.8,45,0
2019-02-10,4.3,45,0
2019-02-11,2.7,45,0
2019-02-12,5.3,47,0
2019-02-13,7.0,49,0
2019-02-14,6.6,48,0
2019-02-15,9.3,48,0
2019-02-16,4.3,46,0
2019-02-17,6.1,47,0
2019-02-18,7.0,47,0
2019-02-19,8.0,42,1
2019-02-20,8.8,50,0
2019-02-21,9.1,50,0
2019-02-22,11.5,51,0
2019-02-23,12.5,54,0
2019-02-24,13.2,53,0
2019-02-25,13.8,55,0
2019-02-26,12.8,54,0
2019-02-27,11.9,51,0
2019-02-28,13.9,55,0
2019-03-01,14.1,55,0
2019-03-02,13.8,54,0
2019-03-03,14.6,55,0
2019-03-04,15.9,57,0
2019-03-05,15.1,56,0
2019-03-06,11.4,49,1
2019-03-07,12.5,54,0
2019-03-08,14.5,55,0
2019-03-09,14.6,55,0
2019-03-10,9.3,46,1
2019-03-11,13.0,53,0
2019-03-12,13.6,55,0
2019-03-13,8.6,50,0
2019-03-14,11.4,52,0
2019-03-15,12.7,53,0
2019-03-16,11.4,52,0
2019-03-17,13.7,55,0
2019-03-18,14.5,55,0
2019-03-19,19.2,61,0
2019-03-20,17.7,58,0
2019-03-21,20.3,63,0
2019-03-22,13.2,54,0
2019-03-23,11.9,53,0
2019-03-24,9.9,51,0
2019-03-25,12.1,53,0
2019-03-26,18.8,60,0
2019-03-27,19.8,62,0
2019-03-28,20.1,62,0
2019-03-29,17.9,60,0
2019-03-30,17.0,59,0
2019-03-31,11.4,52,0
2019-04-01,11.9,54,0
2019-04-02,13.0,54,0
2019-04-03,14.2,56,0
2019-04-04,17.7,59,0
2019-04-05,20.6,63,0
2019-04-06,20.5,62,0
2019-04-07,19.0,60,0
2019-04-08,19.3,61,0
2019-04-09,16.6,59,0
2019-04-10,11.0,50,0
2019-04-11,14.3,55,0
2019-04-12,18.0,60,0
2019-04-13,17.5,58,0
2019-04-14,16.3,58,0
2019-04-15,19.5,61,0
2019-04-16,22.6,64,0
2019-04-17,20.4,63,0
2019-04-18,23.4,66,0
2019-04-19,18.4,60,0
2019-04-20,20.5,63,0
2019-04-21,23.1,66,0
2019-04-22,25.7,70,0
2019-04-23,19.8,62,1
2019-04-24,21.6,65,0
2019-04-25,17.6,59,1
2019-04-26,16.1,58,0
2019-04-27,17.3,59,0
2019-04-28,16.1,56,1
2019-04-29,12.9,51,1
2019-04-30,19.8,62,0
2019-05-01,21.8,65,0
2019-05-02,24.6,67,0
2019-05-03,26.4,68,0
2019-05-04,27.5,69,0
2019-05-05,27.1,70,0
2019-05-06,24.1,66,0
2019-05-07,21.4,63,0
2019-05-08,23.1,65,0
2019-05-09,24.8,67,0
2019-05-10,26.5,68,0
2019-05-11,27.6,70,0
2019-05-12,28.3,69,0
2019-05-13,26.2,68,0
2019-05-14,27.6,72,0
2019-05-15,29.4,73,0
2019-05-16,30.0,73,0
2019-05-17,29.4,72,0
2019-05-18,19.3,62,1
2019-05-19,22.1,66,1
2019-05-20,21.9,65,0
2019-05-21,24.1,66,0
2019-05-22,28.1,70,0
2019-05-23,30.0,73,0
2019-05-24,31.1,75,0
2019-05-25,30.4,73,0
2019-05-26,30.1,72,0
2019-05-27,21.7,67,1
2019-05-28,24.7,66,0
2019-05-29,28.6,71,0
2019-05-30,29.4,71,0
2019-05-31,21.1,64,0
2019-06-01,26.2,69,0
2019-06-02,29.1,72,0
2019-06-03,29.9,73,0
2019-06-04,31.2,75,0
2019-06-05,32.5,76,0
2019-06-06,29.0,75,0
2019-06-07,22.8,67,0
2019-06-08,26.4,71,0
2019-06-09,26.3,70,0
2019-06-10,23.1,67,0
2019-06-11,23.0,67,0
2019-06-12,26.6,70,0
2019-06-13,27.8,73,0
2019-06-14,23.8,68,1
2019-06-15,28.3,72,0
2019-06-16,28.2,72,0
2019-06-17,26.8,72,0
2019-06-18,26.9,72,0
2019-06-19,29.6,75,0
2019-06-20,30.6,76,0
2019-06-21,30.9,76,0
2019-06-22,26.6,72,0
2019-06-23,27.2,71,0
2019-06-24,27.4,72,0
2019-06-25,31.1,76,0
2019-06-26,19.7,62,1
2019-06-27,27.4,75,1
2019-06-28,29.6,77,0
2019-06-29,22.3,68,1
2019-06-30,29.8,77,0
2019-07-01,28.2,75,0
2019-07-02,30.0,76,0
2019-07-03,28.8,75,0
2019-07-04,32.7,77,0
2019-07-05,31.2,77,0
2019-07-06,31.3,76,0
2019-07-07,29.2,74,0
2019-07-08,28.0,73,0
2019-07-09,27.5,72,0
2019-07-10,23.7,69,1
2019-07-11,28.9,76,0
2019-07-12,29.7,75,0
2019-07-13,26.2,72,1
2019-07-14,30.4,77,0
2019-07-15,28.9,75,0
2019-07-16,29.0,75,0
2019-07-17,29.6,76,0
2019-07-18,24.8,71,1
2019-07-19,25.9,74,1
2019-07-20,27.3,76,1
2019-07-21,29.4,78,0
2019-07-22,32.1,81,0
2019-07-23,32.6,81,0
2019-07-24,30.0,79,0
2019-07-25,29.3,78,0
2019-07-26,31.1,80,0
2019-07-27,29.2,79,1
2019-07-28,32.8,81,0
2019-07-29,33.1,82,0
2019-07-30,33.0,82,0
2019-07-31,34.0,82,0
2019-08-01,34.5,82,0
2019-08-02,35.2,83,0
2019-08-03,35.7,83,0
2019-08-04,35.5,83,0
2019-08-05,35.8,83,0
2019-08-06,31.6,79,0
2019-08-07,33.5,82,0
2019-08-08,34.5,83,0
2019-08-09,34.8,82,0
2019-08-10,34.9,82,0
2019-08-11,34.7,82,0
2019-08-12,31.3,80,0
2019-08-13,34.6,82,0
2019-08-14,34.8,83,0
2019-08-15,33.1,81,0
2019-08-16,34.3,81,0
2019-08-17,33.2,79,0
2019-08-18,33.8,79,0
2019-08-19,32.7,79,0
2019-08-20,32.5,79,0
2019-08-21,28.7,76,0
2019-08-22,28.9,78,1
2019-08-23,28.3,75,0
2019-08-24,30.2,74,0
2019-08-25,25.7,71,0
2019-08-26,31.0,77,0
2019-08-27,25.0,71,1
2019-08-28,27.6,75,0
2019-08-29,25.7,73,1
2019-08-30,29.6,74,0
2019-08-31,28.6,74,0
2019-09-01,26.4,72,0
2019-09-02,23.0,68,1
2019-09-03,24.2,70,1
2019-09-04,26.0,73,1
2019-09-05,29.9,79,1
2019-09-06,30.7,79,0
2019-09-07,28.5,77,1
2019-09-08,29.7,77,0
2019-09-09,31.5,80,0
2019-09-10,31.0,78,0
2019-09-11,31.7,80,0
2019-09-12,23.1,68,0
2019-09-13,27.2,73,0
2019-09-14,29.1,75,0
2019-09-15,30.4,77,0
2019-09-16,29.2,75,0
2019-09-17,28.1,72,0
2019-09-18,29.2,73,0
2019-09-19,25.6,69,0
2019-09-20,25.5,69,0
2019-09-21,20.9,65,1
2019-09-22,19.3,63,1
2019-09-23,21.3,65,0
2019-09-24,24.8,68,0
2019-09-25,25.3,69,0
2019-09-26,27.8,73,0
2019-09-27,27.0,72,0
2019-09-28,26.7,73,0
2019-09-29,29.8,77,0
2019-09-30,27.7,74,0
2019-10-01,25.1,72,1
2019-10-02,22.9,68,1
2019-10-03,29.0,75,0
2019-10-04,28.4,74,0
2019-10-05,26.6,72,0
2019-10-06,22.5,66,0
2019-10-07,19.1,61,1
2019-10-08,22.9,66,0
2019-10-09,21.2,63,0
2019-10-10,23.0,65,0
2019-10-11,25.8,68,0
2019-10-12,25.2,69,0
2019-10-13,22.6,65,0
2019-10-14,21.9,65,0
2019-10-15,19.0,61,0
2019-10-16,20.1,62,0
2019-10-17,19.8,62,0
2019-10-18,19.3,58,1
2019-10-19,23.6,68,0
2019-10-20,23.4,67,0
2019-10-21,23.8,67,0
2019-10-22,23.3,67,0
2019-10-23,22.0,65,0
2019-10-24,21.7,65,0
2019-10-25,25.0,68,0
2019-10-26,20.1,62,0
2019-10-27,17.6,59,0
2019-10-28,18.0,59,0
2019-10-29,20.9,63,0
2019-10-30,18.5,60,0
2019-10-31,19.3,61,0
2019-11-01,21.3,64,0
2019-11-02,20.4,63,0
2019-11-03,20.9,63,0
2019-11-04,18.6,61,0
2019-11-05,19.3,61,0
2019-11-06,18.3,60,0
2019-11-07,19.1,61,0
2019-11-08,16.5,58,0
2019-11-09,17.5,58,0
2019-11-10,14.5,54,0
2019-11-11,19.7,61,0
2019-11-12,16.8,58,0
2019-11-13,14.7,55,0
2019-11-14,10.1,52,0
2019-11-15,13.7,54,0
2019-11-16,19.4,60,0
2019-11-17,14.4,52,1
2019-11-18,15.5,57,0
2019-11-19,9.5,50,0
2019-11-20,9.6,49,0
2019-11-21,12.6,53,0
2019-11-22,17.2,58,0
2019-11-23,20.0,60,0
2019-11-24,18.2,59,0
2019-11-25,11.4,52,0
2019-11-26,15.1,56,0
2019-11-27,13.2,53,0
2019-11-28,12.2,53,0
2019-11-29,11.5,52,0
2019-11-30,12.9,53,0
2019-12-01,9.0,45,1
2019-12-02,9.4,50,0
2019-12-03,8.0,46,0
2019-12-04,10.9,50,0
2019-12-05,9.1,50,0
2019-12-06,2.6,43,0
2019-12-07,6.7,46,0
2019-12-08,7.6,46,0
2019-12-09,9.1,47,0
2019-12-10,12.5,50,0
2019-12-11,15.2,55,0
2019-12-12,9.4,50,0
2019-12-13,7.8,46,0
2019-12-14,12.0,53,0
2019-12-15,12.3,52,0
2019-12-16,12.9,51,0
2019-12-17,11.5,49,0
2019-12-18,13.0,54,0
2019-12-19,10.0,51,0
2019-12-20,8.4,47,0
2019-12-21,6.2,42,0
2019-12-22,8.6,46,0
2019-12-23,11.2,49,0
2019-12-24,9.2,48,0
2019-12-25,10.6,49,0
2019-12-26,9.0,44,1
2019-12-27,6.7,48,0
2019-12-28,6.6,46,0
2019-12-29,7.3,42,0
2019-12-30,10.2,45,0
2019-12-31,0.1,43,0
2020-01-01,5.7,44,0
2020-01-02,6.7,44,0
2020-01-03,8.6,46,0
2020-01-04,8.4,46,0
2020-01-05,8.3,48,0
2020-01-06,7.0,39,1
2020-01-07,10.0,44,1
2020-01-08,10.0,49,0
2020-01-09,9.2,48,0
2020-01-10,6.7,45,0
2020-01-11,8.3,47,0
2020-01-12,8.0,47,0
2020-01-13,7.1,46,0
2020-01-14,5.3,44,0
2020-01-15,5.3,44,0
2020-01-16,5.0,44,0
2020-01-17,8.2,48,0
2020-01-18,9.5,50,0
2020-01-19,7.1,44,0
2020-01-20,8.2,46,0
2020-01-21,5.7,46,0
2020-01-22,6.4,43,0
2020-01-23,10.0,47,0
2020-01-24,11.8,49,0
2020-01-25,11.4,49,0
2020-01-26,12.1,52,0
2020-01-27,7.1,43,1
2020-01-28,11.4,52,0
2020-01-29,10.6,48,0
2020-01-30,10.1,50,0
2020-01-31,9.5,47,0
2020-02-01,8.3,48,0
2020-02-02,9.1,47,0
2020-02-03,9.4,48,0
2020-02-04,5.4,45,0
2020-02-05,1.4,46,0
2020-02-06,1.7,43,0
2020-02-07,7.5,48,0
2020-02-08,8.3,48,0
2020-02-09,6.4,47,0
2020-02-10,10.0,50,0
2020-02-11,12.1,52,0
2020-02-12,10.0,47,1
2020-02-13,14.2,53,0
2020-02-14,18.3,57,0
2020-02-15,16.4,57,0
2020-02-16,7.3,47,0
2020-02-17,0.7,42,0
2020-02-18,5.4,46,0
2020-02-19,8.7,48,0
2020-02-20,12.5,53,0
2020-02-21,13.5,54,0
2020-02-22,13.3,55,0
2020-02-23,8.5,49,0
2020-02-24,13.0,53,0
2020-02-25,11.0,46,1
2020-02-26,13.7,54,0
2020-02-27,11.0,51,0
2020-02-28,8.7,46,0
2020-02-29,10.9,50,0
2020-03-01,14.3,55,0
2020-03-02,10.6,52,0
2020-03-03,12.0,52,0
2020-03-04,12.4,53,0
2020-03-05,7.6,48,0
2020-03-06,11.2,51,0
2020-03-07,7.6,43,1
2020-03-08,14.2,55,0
2020-03-09,13.3,52,0
2020-03-10,12.3,50,1
2020-03-11,10.4,52,0
2020-03-12,13.5,55,0
2020-03-13,16.0,57,0
2020-03-14,8.9,51,0
2020-03-15,11.5,54,0
2020-03-16,10.2,51,0
2020-03-17,15.7,57,0
2020-03-18,17.5,58,0
2020-03-19,18.7,62,0
2020-03-20,14.9,56,0
2020-03-21,19.5,61,0
2020-03-22,21.6,64,0
2020-03-23,18.5,60,0
2020-03-24,17.2,58,0
2020-03-25,18.3,60,0
2020-03-26,12.4,50,1
2020-03-27,19.4,61,0
2020-03-28,12.5,53,0
2020-03-29,14.4,56,0
2020-03-30,17.3,59,0
2020-03-31,20.6,61,0
2020-04-01,19.2,60,0
2020-04-02,17.1,58,0
2020-04-03,19.0,60,0
2020-04-04,20.3,62,0
2020-04-05,15.0,56,0
2020-04-06,17.3,58,0
2020-04-07,20.3,61,0
2020-04-08,18.9,60,0
2020-04-09,16.9,58,0
2020-04-10,12.4,51,0
2020-04-11,14.1,55,0
2020-04-12,10.5,49,1
2020-04-13,13.3,55,0
2020-04-14,23.6,62,0
2020-04-15,19.4,60,0
2020-04-16,19.5,61,0
2020-04-17,15.0,49,1
2020-04-18,19.4,61,0
2020-04-19,14.8,55,1
2020-04-20,18.8,61,0
2020-04-21,18.6,60,0
2020-04-22,14.1,56,0
2020-04-23,14.2,56,0
2020-04-24,16.6,58,0
2020-04-25,21.0,63,0
2020-04-26,19.7,61,0
2020-04-27,19.6,61,0
2020-04-28,20.7,62,0
2020-04-29,23.4,65,0
2020-04-30,24.0,67,0
2020-05-01,26.0,71,0
2020-05-02,26.6,71,0
2020-05-03,20.8,62,1
2020-05-04,27.1,72,0
2020-05-05,20.7,63,0
2020-05-06,27.0,70,0
2020-05-07,23.8,66,0
2020-05-08,21.9,64,0
2020-05-09,18.9,61,1
2020-05-10,23.5,67,0
2020-05-11,27.5,70,0
2020-05-12,25.0,67,0
2020-05-13,24.2,66,0
2020-05-14,25.8,67,0
2020-05-15,21.5,60,1
2020-05-16,24.9,70,0
2020-05-17,24.9,70,0
2020-05-18,21.4,65,0
2020-05-19,17.5,59,0
2020-05-20,22.9,66,0
2020-05-21,20.9,64,0
2020-05-22,21.8,64,0
2020-05-23,23.9,67,0
2020-05-24,26.5,71,0
2020-05-25,25.0,69,0
2020-05-26,24.8,67,0
2020-05-27,26.4,69,0
2020-05-28,26.7,70,0
2020-05-29,28.1,71,0
2020-05-30,25.9,69,0
2020-05-31,24.7,69,0
2020-06-01,28.4,73,0
2020-06-02,28.7,71,0
2020-06-03,26.1,71,0
2020-06-04,30.8,77,0
2020-06-05,31.5,77,0
2020-06-06,28.4,73,0
2020-06-07,29.2,74,0
2020-06-08,31.7,76,0
2020-06-09,33.1,77,0
2020-06-10,34.1,80,0
2020-06-11,29.5,77,0
2020-06-12,29.8,78,0
2020-06-13,27.3,74,0
2020-06-14,27.7,76,1
2020-06-15,29.7,75,0
2020-06-16,32.3,76,0
2020-06-17,27.8,73,0
2020-06-18,20.5,64,1
2020-06-19,28.0,73,0
2020-06-20,26.5,73,0
2020-06-21,29.6,75,0
2020-06-22,30.2,76,0
2020-06-23,30.6,77,0
2020-06-24,26.3,72,1
2020-06-25,26.2,74,1
2020-06-26,29.6,76,0
2020-06-27,30.5,77,0
2020-06-28,32.8,79,0
2020-06-29,26.4,73,1
2020-06-30,27.3,73,0
2020-07-01,28.5,74,0
2020-07-02,27.7,73,0
2020-07-03,26.0,68,1
2020-07-04,25.7,71,0
2020-07-05,26.8,73,0
2020-07-06,26.4,72,0
2020-07-07,30.8,78,0
2020-07-08,31.2,78,0
2020-07-09,28.0,75,0
2020-07-10,26.2,73,1
2020-07-11,30.4,78,0
2020-07-12,23.8,70,1
2020-07-13,21.9,67,1
2020-07-14,24.7,71,0
2020-07-15,22.0,67,1
2020-07-16,27.1,73,0
2020-07-17,28.0,74,0
2020-07-18,26.4,72,0
2020-07-19,24.5,71,1
2020-07-20,29.4,79,0
2020-07-21,30.2,78,0
2020-07-22,26.5,74,1
2020-07-23,25.0,72,1
2020-07-24,23.1,69,1
2020-07-25,25.5,72,0
2020-07-26,29.4,76,0
2020-07-27,26.4,73,0
2020-07-28,29.6,79,0
2020-07-29,28.5,78,1
2020-07-30,28.9,77,1
2020-07-31,30.9,80,0
2020-08-01,32.9,81,0
2020-08-02,32.3,81,0
2020-08-03,31.4,80,0
2020-08-04,32.6,82,0
2020-08-05,30.8,80,1
2020-08-06,29.1,78,1
2020-08-07,28.9,78,1
2020-08-08,28.0,77,1
2020-08-09,32.1,81,0
2020-08-10,29.2,79,1
2020-08-11,29.9,79,1
2020-08-12,31.0,81,1
2020-08-13,33.4,83,0
2020-08-14,33.6,83,0
2020-08-15,35.1,84,0
2020-08-16,34.5,83,0
2020-08-17,33.9,82,0
2020-08-18,34.7,83,0
2020-08-19,34.7,82,0
2020-08-20,35.2,82,0
2020-08-21,32.2,80,0
2020-08-22,31.4,79,0
2020-08-23,32.5,80,0
2020-08-24,33.0,80,0
2020-08-25,33.7,82,0
2020-08-26,32.8,81,1
2020-08-27,32.6,82,0
2020-08-28,30.1,79,0
2020-08-29,32.4,82,0
2020-08-30,34.2,83,0
2020-08-31,31.8,80,0
2020-09-01,30.8,78,0
2020-09-02,28.6,77,1
2020-09-03,30.6,76,0
2020-09-04,29.6,76,0
2020-09-05,24.4,70,1
2020-09-06,24.0,70,0
2020-09-07,23.2,68,1
2020-09-08,29.2,76,0
2020-09-09,27.2,73,0
2020-09-10,27.8,74,0
2020-09-11,25.9,72,1
2020-09-12,25.4,71,0
2020-09-13,24.0,69,0
2020-09-14,27.9,73,0
2020-09-15,29.1,75,0
2020-09-16,23.8,69,0
2020-09-17,25.0,71,1
2020-09-18,23.1,67,0
2020-09-19,26.0,69,0
2020-09-20,26.7,70,0
2020-09-21,24.6,68,0
2020-09-22,21.6,65,0
2020-09-23,23.4,68,0
2020-09-24,24.8,69,0
2020-09-25,26.7,71,0
2020-09-26,25.4,69,0
2020-09-27,24.8,69,0
2020-09-28,24.3,68,0
2020-09-29,24.8,68,0
2020-09-30,25.7,69,0
2020-10-01,25.7,69,0
2020-10-02,25.6,70,0
2020-10-03,25.0,70,0
2020-10-04,25.0,70,0
2020-10-05,20.7,63,0
2020-10-06,22.3,64,0
2020-10-07,22.8,65,0
2020-10-08,23.3,66,0
2020-10-09,23.6,67,0
2020-10-10,22.8,66,0
2020-10-11,22.6,65,0
2020-10-12,24.7,68,0
2020-10-13,21.9,63,0
2020-10-14,20.4,62,0
2020-10-15,21.5,62,0
2020-10-16,17.7,59,0
2020-10-17,21.3,63,0
2020-10-18,21.6,64,0
2020-10-19,21.6,64,0
2020-10-20,21.6,63,0
2020-10-21,19.8,61,0
2020-10-22,18.1,60,0
2020-10-23,17.4,59,0
2020-10-24,17.2,58,0
2020-10-25,20.3,61,0
2020-10-26,19.9,62,0
2020-10-27,19.9,62,0
2020-10-28,19.0,60,0
2020-10-29,18.8,60,0
2020-10-30,19.3,61,0
2020-10-31,18.3,60,0
2020-11-01,16.3,56,1
2020-11-02,18.2,59,0
2020-11-03,12.4,55,0
2020-11-04,13.6,55,0
2020-11-05,14.9,55,0
2020-11-06,15.1,55,0
2020-11-07,21.1,63,0
2020-11-08,19.5,61,0
2020-11-09,13.2,56,0
2020-11-10,16.2,57,0
2020-11-11,14.9,56,0
2020-11-12,17.0,58,0
2020-11-13,18.4,59,0
2020-11-14,19.2,61,0
2020-11-15,18.5,60,0
2020-11-16,19.2,61,0
2020-11-17,19.9,62,0
2020-11-18,21.6,65,0
2020-11-19,23.4,69,1
2020-11-20,14.7,56,0
2020-11-21,13.3,54,0
2020-11-22,16.0,51,0
2020-11-23,11.3,51,0
2020-11-24,12.0,53,0
2020-11-25,14.0,55,0
2020-11-26,12.8,53,0
2020-11-27,14.6,55,0
2020-11-28,8.8,50,0
2020-11-29,9.8,49,0
2020-11-30,9.6,50,0
2020-12-01,8.6,50,0
2020-12-02,9.9,49,0
2020-12-03,9.7,51,0
2020-12-04,7.7,47,0
2020-12-05,9.6,49,0
2020-12-06,9.8,49,0
2020-12-07,10.8,47,0
2020-12-08,8.4,47,0
2020-12-09,7.4,46,0
2020-12-10,12.0,46,0
2020-12-11,12.0,51,0
2020-12-12,10.3,52,0
2020-12-13,9.5,49,0
2020-12-14,-0.6,41,0
2020-12-15,-0.6,41,0
2020-12-16,2.1,42,0
2020-12-17,3.4,42,0
2020-12-18,6.7,45,0
2020-12-19,2.4,46,0
2020-12-20,5.2,46,0
2020-12-21,6.0,44,0
2020-12-22,7.3,44,0
2020-12-23,9.7,41,0
2020-12-24,11.4,49,0
2020-12-25,6.7,47,0
2020-12-26,8.4,46,0
2020-12-27,9.4,46,0
2020-12-28,5.2,37,0
2020-12-29,10.2,47,0
2020-12-30,-3.1,37,0
2020-12-31,1.4,39,0
2021-01-01,2.3,40,0
2021-01-02,5.1,41,0
2021-01-03,4.4,44,0
2021-01-04,4.3,43,0
2021-01-05,6.3,47,0
2021-01-06,0.9,39,0
2021-01-07,-6.6,35,0
2021-01-08,-4.2,35,0
2021-01-09,-2.8,35,0
2021-01-10,0.2,36,0
2021-01-11,1.9,36,0
2021-01-12,3.7,40,0
2021-01-13,9.3,47,0
2021-01-14,13.2,49,0
2021-01-15,14.1,54,0
2021-01-16,7.2,48,0
2021-01-17,0.2,43,0
2021-01-18,3.0,37,0
2021-01-19,2.3,41,0
2021-01-20,6.4,46,0
2021-01-21,11.0,50,0
2021-01-22,10.5,46,0
2021-01-23,12.5,50,1
2021-01-24,12.0,52,0
2021-01-25,12.2,53,0
2021-01-26,9.2,43,1
2021-01-27,9.2,51,0
2021-01-28,9.9,52,0
2021-01-29,1.1,42,0
2021-01-30,5.1,43,0
2021-01-31,9.5,47,0
2021-02-01,11.7,50,0
2021-02-02,2.2,45,0
2021-02-03,2.7,43,0
2021-02-04,7.9,50,0
2021-02-05,6.7,46,0
2021-02-06,11.7,51,0
2021-02-07,12.9,53,0
2021-02-08,5.4,48,0
2021-02-09,5.5,46,0
2021-02-10,8.9,49,0
2021-02-11,9.9,49,0
2021-02-12,12.2,50,0
2021-02-13,15.1,55,0
2021-02-14,13.6,53,0
2021-02-15,12.8,53,0
2021-02-16,5.1,45,0
2021-02-17,-2.7,40,0
2021-02-18,-0.4,41,0
2021-02-19,7.7,47,0
2021-02-20,17.1,59,0
2021-02-21,21.3,64,0
2021-02-22,19.9,63,0
2021-02-23,11.5,53,0
2021-02-24,8.8,49,0
2021-02-25,8.3,45,0
2021-02-26,11.8,52,0
2021-02-27,10.3,51,0
2021-02-28,11.8,51,0
2021-03-01,12.8,50,1
2021-03-02,8.3,47,0
2021-03-03,8.5,48,0
2021-03-04,9.4,46,0
2021-03-05,16.5,58,0
2021-03-06,15.3,57,0
2021-03-07,9.2,47,0
2021-03-08,13.3,54,0
2021-03-09,14.1,54,0
2021-03-10,15.7,57,0
2021-03-11,15.4,56,0
2021-03-12,10.2,48,1
2021-03-13,14.8,56,0
2021-03-14,16.9,58,0
2021-03-15,16.5,58,0
2021-03-16,21.2,64,0
2021-03-17,16.1,57,0
2021-03-18,16.6,59,0
2021-03-19,17.1,59,0
2021-03-20,11.4,48,1
2021-03-21,13.4,55,0
2021-03-22,11.3,53,0
2021-03-23,16.0,57,0
2021-03-24,16.3,57,0
2021-03-25,19.7,61,0
2021-03-26,21.8,63,0
2021-03-27,15.8,56,0
2021-03-28,19.3,62,0
2021-03-29,19.4,61,0
2021-03-30,18.2,59,0
2021-03-31,21.0,62,0
2021-04-01,20.7,63,0
2021-04-02,20.9,63,0
2021-04-03,16.5,58,1
2021-04-04,14.1,54,1
2021-04-05,14.9,56,0
2021-04-06,16.7,57,0
2021-04-07,22.4,64,0
2021-04-08,21.7,63,0
2021-04-09,18.2,60,0
